{"bjOgnAaEWXk929RdJIHVG6Q2DmvwkExZod91EAoTrSA": 1776753678.6775308, "cUFbdCX1nOjRmLBoDshwFVfgmtIt-0EaqaIPM2WiDJ8": 1776768367.5048215, "4M2VDY2zbXly1vzdxhWw1NaZOrTTCa7id_1fQNnZk9o": 1776774386.155471, "ORbOVecnkOqogYIHegoHee49ZWnBmwGaszAfzYIl1N4": 1776775635.950439, "l4uS4dx1WNFuTWQTn9XiDtAVwdNgaLobSXRE7JjjYN0": 1776777787.593027, "uWeGLpfJyOgJVirjrkdIMDoaBQAg8cYbU-4C_Xz4g7w": 1776779296.3737566, "l52CCj7QdG-cESmZRjILzU0UVGUoMlQ0wyWUoBxerKw": 1776780715.9996295, "Y9jsQQnqARZyC4CD3j7jSrD_K6n3Rq9wlLiLmwea1HY": 1776781145.9719713, "fXL8kOrroM9R9XbDnT6e7Lnu1PTI4WQW3VZXUegDRPA": 1776781568.1823156, "OyqYap1-b0qnjVcsPwpq575n68nZ5DsIRmVxh_X5wNQ": 1776784361.3724372}